{"is_source_file": false, "format": "", "description": "", "external_files": [], "external_methods": [], "published": [], "classes": [], "methods": [], "calls": [], "search-terms": [], "state": 2, "file_id": 12, "knowledge_revision": 16, "git_revision": "04e51924e58f62da39b30ebddb83cad052865d33", "hash": "6c2104b8d219ed99234ae2d6329f4357", "format-version": 4, "code-base-name": "notes_frontend", "filename": "notes_frontend/src/index.css", "revision_history": [{"16": "04e51924e58f62da39b30ebddb83cad052865d33"}]}