{"is_source_file": true, "format": "JavaScript (React JSX)", "description": "Main React application component for a note organizing web app, handling user authentication, folder and note management, and UI rendering.", "external_files": ["./apiClient", "./App.css"], "external_methods": ["api.register", "api.login", "api.me", "api.listFolders", "api.createFolder", "api.deleteFolder", "api.listNotes", "api.createNote", "api.deleteNote", "api.updateNote", "getToken", "setToken"], "published": ["App"], "classes": [], "methods": [{"name": "LoadingLine({ text })", "description": "A functional component that displays a loading message or indicator.", "scope": "", "scopeKind": ""}, {"name": "ErrorBox({ error, onDismiss })", "description": "Component that displays error messages with an optional dismiss button.", "scope": "", "scopeKind": ""}, {"name": "AuthCard({ mode, onModeChange, onAuthed })", "description": "Component providing login and registration form, handling user authentication.", "scope": "", "scopeKind": ""}, {"name": "App()", "description": "Main application component managing authentication state, folders, notes, and UI layout.", "scope": "", "scopeKind": ""}, {"name": "NoteEditor({ note, onSave })", "description": "Component for editing a note's title and content, with save functionality.", "scope": "App", "scopeKind": "function"}, {"name": "createFolder()", "scope": "App", "scopeKind": "function", "description": "unavailable"}, {"name": "createNote()", "scope": "App", "scopeKind": "function", "description": "unavailable"}, {"name": "deleteFolder(folderId)", "scope": "App", "scopeKind": "function", "description": "unavailable"}, {"name": "deleteNote(noteId)", "scope": "App", "scopeKind": "function", "description": "unavailable"}, {"name": "loadAll()", "scope": "App", "scopeKind": "function", "description": "unavailable"}, {"name": "logout()", "scope": "App", "scopeKind": "function", "description": "unavailable"}, {"name": "save()", "scope": "App.NoteEditor", "scopeKind": "function", "description": "unavailable"}, {"name": "saveNoteEdits({ title, content })", "scope": "App", "scopeKind": "function", "description": "unavailable"}, {"name": "selectFolder(folderId)", "scope": "App", "scopeKind": "function", "description": "unavailable"}, {"name": "submit(e)", "scope": "AuthCard", "scopeKind": "function", "description": "unavailable"}], "calls": ["api.register", "api.login", "api.me", "api.listFolders", "api.createFolder", "api.deleteFolder", "api.listNotes", "api.createNote", "api.deleteNote", "api.updateNote", "setToken", "getToken"], "search-terms": ["React main app component", "Notes UI", "Folder management", "Note editing", "Authentication flow", "App.js React", "Notes frontend"], "state": 2, "file_id": 13, "knowledge_revision": 23, "git_revision": "61eb1c86b99834eedda969dae23bc65f9f7fd732", "ctags": [{"_type": "tag", "name": "6", "path": "/home/kavia/workspace/code-generation/note-organizer-209697-210153/notes_frontend/src/App.js", "pattern": "/^            minLength={6}$/", "language": "JavaScript", "kind": "field", "scope": "AuthCard.required", "scopeKind": "class"}, {"_type": "tag", "name": "App", "path": "/home/kavia/workspace/code-generation/note-organizer-209697-210153/notes_frontend/src/App.js", "pattern": "/^function App() {$/", "language": "JavaScript", "kind": "function", "signature": "()"}, {"_type": "tag", "name": "AuthCard", "path": "/home/kavia/workspace/code-generation/note-organizer-209697-210153/notes_frontend/src/App.js", "pattern": "/^function AuthCard({ mode, onModeChange, onAuthed }) {$/", "language": "JavaScript", "kind": "function", "signature": "({ mode, onModeChange, onAuthed })"}, {"_type": "tag", "name": "ErrorBox", "path": "/home/kavia/workspace/code-generation/note-organizer-209697-210153/notes_frontend/src/App.js", "pattern": "/^function ErrorBox({ error, onDismiss }) {$/", "language": "JavaScript", "kind": "function", "signature": "({ error, onDismiss })"}, {"_type": "tag", "name": "LoadingLine", "path": "/home/kavia/workspace/code-generation/note-organizer-209697-210153/notes_frontend/src/App.js", "pattern": "/^function LoadingLine({ text }) {$/", "language": "JavaScript", "kind": "function", "signature": "({ text })"}, {"_type": "tag", "name": "NoteEditor", "path": "/home/kavia/workspace/code-generation/note-organizer-209697-210153/notes_frontend/src/App.js", "pattern": "/^function NoteEditor({ note, onSave }) {$/", "language": "JavaScript", "kind": "function", "signature": "({ note, onSave })", "scope": "App", "scopeKind": "function"}, {"_type": "tag", "name": "authMode", "path": "/home/kavia/workspace/code-generation/note-organizer-209697-210153/notes_frontend/src/App.js", "pattern": "/^            mode={authMode}$/", "language": "JavaScript", "kind": "field", "scope": "App.mode", "scopeKind": "class"}, {"_type": "tag", "name": "autoComplete", "path": "/home/kavia/workspace/code-generation/note-organizer-209697-210153/notes_frontend/src/App.js", "pattern": "/^            autoComplete={mode === \"register\" ? \"new-password\" : \"current-password\"}$/", "language": "JavaScript", "kind": "class", "scope": "AuthCard", "scopeKind": "class"}, {"_type": "tag", "name": "content", "path": "/home/kavia/workspace/code-generation/note-organizer-209697-210153/notes_frontend/src/App.js", "pattern": "/^        value={content}$/", "language": "JavaScript", "kind": "field", "scope": "App.NoteEditor.value", "scopeKind": "class"}, {"_type": "tag", "name": "createFolder", "path": "/home/kavia/workspace/code-generation/note-organizer-209697-210153/notes_frontend/src/App.js", "pattern": "/^  async function createFolder() {$/", "language": "JavaScript", "kind": "function", "signature": "()", "scope": "App", "scopeKind": "function"}, {"_type": "tag", "name": "createNote", "path": "/home/kavia/workspace/code-generation/note-organizer-209697-210153/notes_frontend/src/App.js", "pattern": "/^  async function createNote() {$/", "language": "JavaScript", "kind": "function", "signature": "()", "scope": "App", "scopeKind": "function"}, {"_type": "tag", "name": "deleteFolder", "path": "/home/kavia/workspace/code-generation/note-organizer-209697-210153/notes_frontend/src/App.js", "pattern": "/^  async function deleteFolder(folderId) {$/", "language": "JavaScript", "kind": "function", "signature": "(folderId)", "scope": "App", "scopeKind": "function"}, {"_type": "tag", "name": "deleteNote", "path": "/home/kavia/workspace/code-generation/note-organizer-209697-210153/notes_frontend/src/App.js", "pattern": "/^  async function deleteNote(noteId) {$/", "language": "JavaScript", "kind": "function", "signature": "(noteId)", "scope": "App", "scopeKind": "function"}, {"_type": "tag", "name": "email", "path": "/home/kavia/workspace/code-generation/note-organizer-209697-210153/notes_frontend/src/App.js", "pattern": "/^            value={email}$/", "language": "JavaScript", "kind": "field", "scope": "AuthCard.value", "scopeKind": "class"}, {"_type": "tag", "name": "folderItem ${activeFolderId === null ? \"active\" : \"\"}", "path": "/home/kavia/workspace/code-generation/note-organizer-209697-210153/notes_frontend/src/App.js", "pattern": "/^              className={`folderItem ${activeFolderId === null ? \"active\" : \"\"}`}$/", "language": "JavaScript", "kind": "field", "scope": "App.className", "scopeKind": "class"}, {"_type": "tag", "name": "loadAll", "path": "/home/kavia/workspace/code-generation/note-organizer-209697-210153/notes_frontend/src/App.js", "pattern": "/^            onAuthed={loadAll}$/", "language": "JavaScript", "kind": "field", "scope": "App.onAuthed", "scopeKind": "class"}, {"_type": "tag", "name": "loadAll", "path": "/home/kavia/workspace/code-generation/note-organizer-209697-210153/notes_frontend/src/App.js", "pattern": "/^  async function loadAll() {$/", "language": "JavaScript", "kind": "function", "signature": "()", "scope": "App", "scopeKind": "function"}, {"_type": "tag", "name": "logout", "path": "/home/kavia/workspace/code-generation/note-organizer-209697-210153/notes_frontend/src/App.js", "pattern": "/^  async function logout() {$/", "language": "JavaScript", "kind": "function", "signature": "()", "scope": "App", "scopeKind": "function"}, {"_type": "tag", "name": "mode", "path": "/home/kavia/workspace/code-generation/note-organizer-209697-210153/notes_frontend/src/App.js", "pattern": "/^            autoComplete={mode === \"register\" ? \"new-password\" : \"current-password\"}$/", "language": "JavaScript", "kind": "property", "scope": "AuthCard.autoComplete", "scopeKind": "class"}, {"_type": "tag", "name": "password", "path": "/home/kavia/workspace/code-generation/note-organizer-209697-210153/notes_frontend/src/App.js", "pattern": "/^            value={password}$/", "language": "JavaScript", "kind": "field", "scope": "AuthCard.value", "scopeKind": "class"}, {"_type": "tag", "name": "save", "path": "/home/kavia/workspace/code-generation/note-organizer-209697-210153/notes_frontend/src/App.js", "pattern": "/^  async function save() {$/", "language": "JavaScript", "kind": "function", "signature": "()", "scope": "App.NoteEditor", "scopeKind": "function"}, {"_type": "tag", "name": "saveNoteEdits", "path": "/home/kavia/workspace/code-generation/note-organizer-209697-210153/notes_frontend/src/App.js", "pattern": "/^  async function saveNoteEdits({ title, content }) {$/", "language": "JavaScript", "kind": "function", "signature": "({ title, content })", "scope": "App", "scopeKind": "function"}, {"_type": "tag", "name": "segBtn ${mode === \"login\" ? \"active\" : \"\"}", "path": "/home/kavia/workspace/code-generation/note-organizer-209697-210153/notes_frontend/src/App.js", "pattern": "/^            className={`segBtn ${mode === \"login\" ? \"active\" : \"\"}`}$/", "language": "JavaScript", "kind": "field", "scope": "AuthCard.className", "scopeKind": "class"}, {"_type": "tag", "name": "segBtn ${mode === \"register\" ? \"active\" : \"\"}", "path": "/home/kavia/workspace/code-generation/note-organizer-209697-210153/notes_frontend/src/App.js", "pattern": "/^            className={`segBtn ${mode === \"register\" ? \"active\" : \"\"}`}$/", "language": "JavaScript", "kind": "field", "scope": "AuthCard.className", "scopeKind": "class"}, {"_type": "tag", "name": "selectFolder", "path": "/home/kavia/workspace/code-generation/note-organizer-209697-210153/notes_frontend/src/App.js", "pattern": "/^  async function selectFolder(folderId) {$/", "language": "JavaScript", "kind": "function", "signature": "(folderId)", "scope": "App", "scopeKind": "function"}, {"_type": "tag", "name": "setAuthMode", "path": "/home/kavia/workspace/code-generation/note-organizer-209697-210153/notes_frontend/src/App.js", "pattern": "/^            onModeChange={setAuthMode}$/", "language": "JavaScript", "kind": "field", "scope": "App.onModeChange", "scopeKind": "class"}, {"_type": "tag", "name": "submit", "path": "/home/kavia/workspace/code-generation/note-organizer-209697-210153/notes_frontend/src/App.js", "pattern": "/^  async function submit(e) {$/", "language": "JavaScript", "kind": "function", "signature": "(e)", "scope": "AuthCard", "scopeKind": "function"}, {"_type": "tag", "name": "title", "path": "/home/kavia/workspace/code-generation/note-organizer-209697-210153/notes_frontend/src/App.js", "pattern": "/^          value={title}$/", "language": "JavaScript", "kind": "field", "scope": "App.NoteEditor.value", "scopeKind": "class"}], "hash": "addca701abc69cb53c25e1d8ad7200a1", "format-version": 4, "code-base-name": "notes_frontend", "filename": "notes_frontend/src/App.js", "fields": [{"name": "minLength={6}", "scope": "AuthCard.required", "scopeKind": "class", "description": "unavailable"}, {"name": "mode={authMode}", "scope": "App.mode", "scopeKind": "class", "description": "unavailable"}, {"name": "value={content}", "scope": "App.NoteEditor.value", "scopeKind": "class", "description": "unavailable"}, {"name": "value={email}", "scope": "AuthCard.value", "scopeKind": "class", "description": "unavailable"}, {"name": "className={`folderItem ${activeFolderId === null ? \"active\" : \"\"}`}", "scope": "App.className", "scopeKind": "class", "description": "unavailable"}, {"name": "onAuthed={loadAll}", "scope": "App.onAuthed", "scopeKind": "class", "description": "unavailable"}, {"name": "autoComplete={mode === \"register\" ? \"new-password\" : \"current-password\"}", "scope": "AuthCard.autoComplete", "scopeKind": "class", "description": "unavailable"}, {"name": "value={password}", "scope": "AuthCard.value", "scopeKind": "class", "description": "unavailable"}, {"name": "className={`segBtn ${mode === \"login\" ? \"active\" : \"\"}`}", "scope": "AuthCard.className", "scopeKind": "class", "description": "unavailable"}, {"name": "className={`segBtn ${mode === \"register\" ? \"active\" : \"\"}`}", "scope": "AuthCard.className", "scopeKind": "class", "description": "unavailable"}, {"name": "onModeChange={setAuthMode}", "scope": "App.onModeChange", "scopeKind": "class", "description": "unavailable"}, {"name": "value={title}", "scope": "App.NoteEditor.value", "scopeKind": "class", "description": "unavailable"}], "revision_history": [{"23": "61eb1c86b99834eedda969dae23bc65f9f7fd732"}]}