{"is_source_file": true, "format": "JavaScript", "description": "The file is the entry point for a React.js frontend application, setting up rendering of the main App component into the DOM.", "external_files": ["react", "react-dom/client", "./index.css", "./App"], "external_methods": ["ReactDOM.createRoot", "ReactDOM.createRoot().render"], "published": [], "classes": [], "methods": [{"name": "render", "description": "Renders the React component tree into the DOM using the root created by ReactDOM.createRoot."}], "calls": ["ReactDOM.createRoot", "root.render", "<React.StrictMode>", "<App />"], "search-terms": ["React", "ReactDOM", "index.js", "entry point", "main component render"], "state": 2, "file_id": 9, "knowledge_revision": 19, "git_revision": "04e51924e58f62da39b30ebddb83cad052865d33", "ctags": [{"_type": "tag", "name": "root", "path": "/home/kavia/workspace/code-generation/note-organizer-209697-210153/notes_frontend/src/index.js", "pattern": "/^const root = ReactDOM.createRoot(document.getElementById('root'));$/", "language": "JavaScript", "kind": "constant"}], "hash": "9fc5841375336fc175b49f8767a11383", "format-version": 4, "code-base-name": "notes_frontend", "filename": "notes_frontend/src/index.js", "revision_history": [{"19": "04e51924e58f62da39b30ebddb83cad052865d33"}]}