{"is_source_file": true, "format": "JavaScript", "description": "This file defines an API client for interacting with a backend service, providing methods for authentication, folder, and note management, including token handling and request abstraction.", "external_files": ["fetch API (built-in)", "localStorage (browser API)", "process.env (environment variables)"], "external_methods": ["fetch"], "published": ["getApiBaseUrl", "getToken", "setToken", "api"], "classes": [], "methods": [{"name": "getApiBaseUrl()", "description": "Returns the base URL for API requests, sourced from environment variables or defaults to localhost.", "parameters": null, "scope": "", "scopeKind": ""}, {"name": "getToken()", "description": "Retrieves the persisted authentication token from local storage.", "parameters": null, "scope": "", "scopeKind": ""}, {"name": "setToken(token)", "description": "Stores or removes the authentication token in local storage.", "parameters": ["token"], "args": "token to set; if null, removes token", "scope": "", "scopeKind": ""}, {"name": "request(path, { method = \"GET\", body, token } = {})", "scope": "", "scopeKind": "", "description": "unavailable"}], "calls": ["getApiBaseUrl()", "localStorage.getItem(TOKEN_KEY)", "localStorage.removeItem(TOKEN_KEY)", "localStorage.setItem(TOKEN_KEY, token)", "fetch(url, {...})", "res.headers.get('content-type')", "res.json()", "request('/auth/register', {...})", "request('/auth/login', {...})", "request('/auth/me')", "request('/folders')", "request('/folders', {...})", "request(`/folders/${id}`, {...})", "request('/notes', {...})", "request('/notes', {...})", "request(`/notes/${id}`, {...})", "request(`/notes/${id}`, {...})"], "search-terms": ["apiClient.js", "request", "auth", "folders", "notes", "token management", "fetch API"], "state": 2, "file_id": 11, "knowledge_revision": 22, "git_revision": "61eb1c86b99834eedda969dae23bc65f9f7fd732", "ctags": [{"_type": "tag", "name": "Content-Type", "path": "/home/kavia/workspace/code-generation/note-organizer-209697-210153/notes_frontend/src/apiClient.js", "pattern": "/^  const headers = { \"Content-Type\": \"application\\/json\" };$/", "language": "JavaScript", "kind": "property", "scope": "request.headers", "scopeKind": "class"}, {"_type": "tag", "name": "TOKEN_KEY", "path": "/home/kavia/workspace/code-generation/note-organizer-209697-210153/notes_frontend/src/apiClient.js", "pattern": "/^const TOKEN_KEY = \"notes_token\";$/", "language": "JavaScript", "kind": "constant"}, {"_type": "tag", "name": "api", "path": "/home/kavia/workspace/code-generation/note-organizer-209697-210153/notes_frontend/src/apiClient.js", "pattern": "/^export const api = {$/", "language": "JavaScript", "kind": "class"}, {"_type": "tag", "name": "createFolder", "path": "/home/kavia/workspace/code-generation/note-organizer-209697-210153/notes_frontend/src/apiClient.js", "pattern": "/^  createFolder: (payload) => request(\"\\/folders\", { method: \"POST\", body: payload }),$/", "language": "JavaScript", "kind": "property", "scope": "api", "scopeKind": "class"}, {"_type": "tag", "name": "createNote", "path": "/home/kavia/workspace/code-generation/note-organizer-209697-210153/notes_frontend/src/apiClient.js", "pattern": "/^  createNote: (payload) => request(\"\\/notes\", { method: \"POST\", body: payload }),$/", "language": "JavaScript", "kind": "property", "scope": "api", "scopeKind": "class"}, {"_type": "tag", "name": "deleteFolder", "path": "/home/kavia/workspace/code-generation/note-organizer-209697-210153/notes_frontend/src/apiClient.js", "pattern": "/^  deleteFolder: (id) => request(`\\/folders\\/${id}`, { method: \"DELETE\" }),$/", "language": "JavaScript", "kind": "property", "scope": "api", "scopeKind": "class"}, {"_type": "tag", "name": "deleteNote", "path": "/home/kavia/workspace/code-generation/note-organizer-209697-210153/notes_frontend/src/apiClient.js", "pattern": "/^  deleteNote: (id) => request(`\\/notes\\/${id}`, { method: \"DELETE\" }),$/", "language": "JavaScript", "kind": "property", "scope": "api", "scopeKind": "class"}, {"_type": "tag", "name": "getApiBaseUrl", "path": "/home/kavia/workspace/code-generation/note-organizer-209697-210153/notes_frontend/src/apiClient.js", "pattern": "/^export function getApiBaseUrl() {$/", "language": "JavaScript", "kind": "function", "signature": "()"}, {"_type": "tag", "name": "getToken", "path": "/home/kavia/workspace/code-generation/note-organizer-209697-210153/notes_frontend/src/apiClient.js", "pattern": "/^export function getToken() {$/", "language": "JavaScript", "kind": "function", "signature": "()"}, {"_type": "tag", "name": "headers", "path": "/home/kavia/workspace/code-generation/note-organizer-209697-210153/notes_frontend/src/apiClient.js", "pattern": "/^  const headers = { \"Content-Type\": \"application\\/json\" };$/", "language": "JavaScript", "kind": "class", "scope": "request", "scopeKind": "class"}, {"_type": "tag", "name": "listFolders", "path": "/home/kavia/workspace/code-generation/note-organizer-209697-210153/notes_frontend/src/apiClient.js", "pattern": "/^  listFolders: () => request(\"\\/folders\"),$/", "language": "JavaScript", "kind": "property", "scope": "api", "scopeKind": "class"}, {"_type": "tag", "name": "listNotes", "path": "/home/kavia/workspace/code-generation/note-organizer-209697-210153/notes_frontend/src/apiClient.js", "pattern": "/^  listNotes: (folderId) =>$/", "language": "JavaScript", "kind": "property", "scope": "api", "scopeKind": "class"}, {"_type": "tag", "name": "login", "path": "/home/kavia/workspace/code-generation/note-organizer-209697-210153/notes_frontend/src/apiClient.js", "pattern": "/^  login: (payload) => request(\"\\/auth\\/login\", { method: \"POST\", body: payload }),$/", "language": "JavaScript", "kind": "property", "scope": "api", "scopeKind": "class"}, {"_type": "tag", "name": "me", "path": "/home/kavia/workspace/code-generation/note-organizer-209697-210153/notes_frontend/src/apiClient.js", "pattern": "/^  me: () => request(\"\\/auth\\/me\"),$/", "language": "JavaScript", "kind": "property", "scope": "api", "scopeKind": "class"}, {"_type": "tag", "name": "register", "path": "/home/kavia/workspace/code-generation/note-organizer-209697-210153/notes_frontend/src/apiClient.js", "pattern": "/^  register: (payload) => request(\"\\/auth\\/register\", { method: \"POST\", body: payload }),$/", "language": "JavaScript", "kind": "property", "scope": "api", "scopeKind": "class"}, {"_type": "tag", "name": "request", "path": "/home/kavia/workspace/code-generation/note-organizer-209697-210153/notes_frontend/src/apiClient.js", "pattern": "/^async function request(path, { method = \"GET\", body, token } = {}) {$/", "language": "JavaScript", "kind": "function", "signature": "(path, { method = \"GET\", body, token } = {})"}, {"_type": "tag", "name": "setToken", "path": "/home/kavia/workspace/code-generation/note-organizer-209697-210153/notes_frontend/src/apiClient.js", "pattern": "/^export function setToken(token) {$/", "language": "JavaScript", "kind": "function", "signature": "(token)"}, {"_type": "tag", "name": "updateNote", "path": "/home/kavia/workspace/code-generation/note-organizer-209697-210153/notes_frontend/src/apiClient.js", "pattern": "/^  updateNote: (id, payload) => request(`\\/notes\\/${id}`, { method: \"PATCH\", body: payload }),$/", "language": "JavaScript", "kind": "property", "scope": "api", "scopeKind": "class"}], "hash": "0496f6328da86212b312764f45a2b6ec", "format-version": 4, "code-base-name": "notes_frontend", "filename": "notes_frontend/src/apiClient.js", "fields": [{"name": "const headers = { \"Content-Type\": \"application\\/json\" };", "scope": "request.headers", "scopeKind": "class", "description": "unavailable"}, {"name": "createFolder: (payload) => request(\"\\/folders\", { method: \"POST\", body: payload }),", "scope": "api", "scopeKind": "class", "description": "unavailable"}, {"name": "createNote: (payload) => request(\"\\/notes\", { method: \"POST\", body: payload }),", "scope": "api", "scopeKind": "class", "description": "unavailable"}, {"name": "deleteFolder: (id) => request(`\\/folders\\/${id}`, { method: \"DELETE\" }),", "scope": "api", "scopeKind": "class", "description": "unavailable"}, {"name": "deleteNote: (id) => request(`\\/notes\\/${id}`, { method: \"DELETE\" }),", "scope": "api", "scopeKind": "class", "description": "unavailable"}, {"name": "listFolders: () => request(\"\\/folders\"),", "scope": "api", "scopeKind": "class", "description": "unavailable"}, {"name": "listNotes: (folderId) =>", "scope": "api", "scopeKind": "class", "description": "unavailable"}, {"name": "login: (payload) => request(\"\\/auth\\/login\", { method: \"POST\", body: payload }),", "scope": "api", "scopeKind": "class", "description": "unavailable"}, {"name": "me: () => request(\"\\/auth\\/me\"),", "scope": "api", "scopeKind": "class", "description": "unavailable"}, {"name": "register: (payload) => request(\"\\/auth\\/register\", { method: \"POST\", body: payload }),", "scope": "api", "scopeKind": "class", "description": "unavailable"}, {"name": "updateNote: (id, payload) => request(`\\/notes\\/${id}`, { method: \"PATCH\", body: payload }),", "scope": "api", "scopeKind": "class", "description": "unavailable"}], "revision_history": [{"22": "61eb1c86b99834eedda969dae23bc65f9f7fd732"}]}