{"is_source_file": true, "format": "JavaScript (ES Module with .mjs extension)", "description": "ESLint configuration file written in JavaScript, setting up linting rules and plugins for a frontend project.", "external_files": ["@eslint/js", "eslint-plugin-react"], "external_methods": [], "published": [], "classes": [], "methods": [], "calls": ["pluginJs", "pluginReact", "pluginJs.configs.recommended"], "search-terms": ["eslint", "eslint-plugin-react", "ESModule", "rules", "plugins", "parserOptions", "globals"], "state": 2, "file_id": 8, "knowledge_revision": 17, "git_revision": "04e51924e58f62da39b30ebddb83cad052865d33", "hash": "be6538e7523bc2e9da0743133d784136", "format-version": 4, "code-base-name": "notes_frontend", "filename": "notes_frontend/eslint.config.mjs", "revision_history": [{"17": "04e51924e58f62da39b30ebddb83cad052865d33"}]}