{"is_source_file": false, "format": null, "description": "", "external_files": [], "external_methods": [], "published": [], "classes": [], "methods": [], "calls": [], "search-terms": [], "state": 2, "file_id": 7, "knowledge_revision": 9, "git_revision": "61eb1c86b99834eedda969dae23bc65f9f7fd732", "hash": "dcb7c9dee8615644e99fa7c2e5d8687b", "format-version": 4, "code-base-name": "notes_frontend", "filename": "notes_frontend/src/App.css", "revision_history": [{"9": "61eb1c86b99834eedda969dae23bc65f9f7fd732"}]}